Average of Life expectancy at birth,Column Labels,,,,,,,,,,,,
Row Labels,1999.0,2000.0,2001.0,2002.0,2003.0,2004.0,2005.0,2006.0,2007.0,2008.0,2009.0,2010.0,
Knightsbridge and Belgravia,85.6,85.0,85.6,88.3,89.5,90.8,91.1,91.7,92.5,91.8,90.4,91.2,
Queens Gate,84.8,85.9,86.8,87.7,87.1,87.7,88.4,88.7,88.7,88.0,88.2,88.7,
Courtfield,87.3,86.4,86.9,87.6,87.2,86.1,86.6,87.4,87.1,88.0,89.8,88.7,
Holland,85.1,85.2,86.3,85.5,85.2,85.5,86.4,87.5,88.9,90.6,89.8,90.1,
Hans Town,84.9,85.1,85.8,86.5,87.3,88.2,89.6,88.2,86.7,87.3,86.6,86.6,
Campden,83.0,83.3,83.7,85.3,87.0,86.8,87.1,87.8,88.3,88.0,87.8,87.8,
Brompton,84.1,85.3,85.8,86.6,86.5,87.1,85.2,84.6,85.3,86.3,86.5,88.8,
Pinner South,83.1,83.8,84.9,84.1,83.8,84.1,84.9,85.6,86.2,88.0,88.5,88.4,
Shortlands,83.9,83.9,84.4,84.5,84.6,85.1,85.3,85.6,86.1,86.9,87.1,87.5,
Bryanston and Dorset Square,83.4,83.6,84.0,85.4,85.1,85.8,86.2,86.5,86.2,86.0,85.8,85.4,
East Sheen,83.1,83.6,84.9,84.9,84.8,84.9,84.9,85.1,85.8,86.6,86.3,87.2,
City of London,83.7,83.8,84.6,84.1,84.4,84.5,84.5,84.0,83.8,84.5,86.5,89.2,
Selsdon and Ballards,83.9,84.3,84.2,83.3,84.3,84.3,84.6,85.0,85.5,85.1,86.3,86.2,
Redcliffe,82.8,84.1,84.8,84.3,84.8,84.4,84.3,84.0,84.9,85.5,86.5,86.4,
Finchley Church End,83.4,82.8,82.8,83.7,84.3,84.3,85.4,85.4,85.7,85.6,86.3,86.8,
Garden Suburb,82.1,82.4,83.6,84.1,84.0,84.4,84.7,84.7,85.4,86.2,87.0,87.2,
Abingdon,81.6,83.0,82.5,84.0,84.2,84.4,84.7,85.1,84.8,85.1,86.0,86.8,
Petts Wood and Knoll,81.8,81.9,82.5,82.8,83.5,84.7,85.5,85.9,86.0,85.7,85.9,86.0,
Marylebone High Street,82.8,82.7,83.0,82.6,82.9,84.7,85.3,84.8,85.2,85.4,85.1,85.8,
Eastcote and East Ruislip,82.9,82.9,82.2,82.4,83.4,83.5,83.8,84.7,85.4,85.9,86.2,86.9,
Tudor,81.2,81.6,82.3,83.6,83.1,83.8,84.9,85.7,86.0,85.7,85.7,85.6,
Cremorne,81.8,82.6,82.8,84.6,84.6,85.2,84.3,85.1,84.6,84.4,84.4,84.8,
Abbey Road,80.0,80.2,80.6,82.0,82.8,83.2,84.3,85.8,86.7,87.0,87.8,87.6,
Lancaster Gate,84.3,83.7,83.9,81.6,82.4,83.3,84.2,84.3,84.3,84.7,85.7,85.4,
Headstone North,82.5,82.5,81.8,82.3,81.7,82.6,83.3,84.2,85.5,87.4,86.5,87.0,
Highlands,81.6,82.7,83.7,83.6,84.4,84.2,84.1,84.5,84.6,83.9,84.9,85.0,
Hampstead Town,80.2,81.8,82.9,82.6,82.5,83.1,84.1,84.1,84.6,85.9,87.4,87.9,
Kelsey and Eden Park,81.9,82.1,82.5,83.3,83.5,84.0,84.4,84.4,85.1,85.1,85.3,85.1,
Merton Park,81.6,81.9,82.7,83.4,83.8,84.4,85.0,84.7,84.7,84.7,85.1,84.7,
Dundonald,82.1,83.4,83.0,82.2,82.9,83.3,83.7,85.1,85.6,85.2,85.0,84.9,
Biggin Hill,82.9,83.5,83.8,83.3,84.0,83.9,83.8,84.2,83.8,83.9,84.6,84.7,
Farnborough and Crofton,81.7,82.3,82.2,83.1,83.8,83.9,83.7,84.4,84.5,85.0,85.3,85.8,
Chelsfield and Pratts Bottom,83.0,82.5,82.9,83.4,83.4,83.3,84.0,84.1,83.9,84.5,85.4,85.3,
Hillside,80.1,80.5,82.0,82.8,82.6,84.6,85.8,85.5,85.9,86.2,85.2,84.3,
Royal Hospital,83.1,83.4,83.5,83.3,83.7,83.9,84.0,84.2,84.2,83.9,83.8,84.5,
Barnes,80.9,81.0,81.2,82.5,83.6,84.1,84.9,85.6,85.4,85.2,85.1,85.3,
Old Malden,81.1,81.3,81.6,82.4,82.2,84.0,84.3,84.8,85.2,86.1,85.5,86.0,
Pembridge,82.5,83.2,83.3,83.3,83.3,84.0,83.9,83.7,84.6,83.8,84.2,84.3,
West End,81.3,81.0,81.6,83.9,84.4,85.6,85.8,85.0,84.7,83.9,83.1,83.3,
Barkingside,81.6,81.7,81.4,82.8,82.7,82.9,83.7,84.3,84.9,85.6,86.0,85.8,
St Margarets and North Twickenham,82.0,81.8,81.7,82.2,82.8,83.1,83.5,84.1,84.6,85.1,85.5,86.9,
Hyde Park,82.8,83.2,83.7,82.6,82.6,84.4,84.8,84.3,84.2,83.7,83.6,83.5,
Bayswater,82.1,82.7,82.9,81.5,81.6,82.4,83.9,84.9,85.1,85.9,84.9,84.3,
Sanderstead,82.6,82.6,83.0,82.5,83.0,83.0,83.3,83.3,83.8,84.4,84.8,85.5,
Nonsuch,80.3,80.7,81.1,82.0,82.5,83.4,84.1,85.0,85.2,85.9,86.0,85.6,
Shirley,82.5,82.4,82.9,83.4,83.2,83.5,83.7,83.9,83.6,83.7,84.2,84.6,
Clayhall,82.0,81.8,82.5,82.1,83.3,83.6,83.9,83.8,84.7,84.9,84.3,84.3,
Blackfen and Lamorbey,80.7,80.7,80.6,82.2,82.8,83.7,84.8,85.0,84.9,85.4,85.3,85.1,
Belsize,81.5,81.2,80.7,81.3,81.3,82.6,83.3,84.9,85.4,86.2,86.2,86.6,
Rayners Lane,81.3,82.1,81.8,83.2,83.7,83.8,83.5,84.0,84.3,84.2,84.5,84.6,
Kensington and Chelsea,81.4,82.0,82.5,83.2,83.5,83.9,83.9,84.1,83.9,83.9,84.2,84.5,
Norland,81.2,82.3,83.1,83.1,83.3,83.1,83.9,83.6,83.7,84.1,84.8,84.7,
Hanger Hill,82.4,82.2,82.3,81.8,82.1,82.7,83.6,84.2,84.6,84.5,85.0,85.0,
Kenton,79.4,79.7,79.9,80.1,81.3,82.4,84.3,85.0,86.3,86.4,87.5,87.9,
Hounslow South,81.8,82.0,82.5,81.6,81.8,82.3,82.9,83.4,85.2,85.2,85.4,85.6,
Pinner,81.5,81.7,82.2,82.1,82.0,82.6,83.0,83.8,84.7,85.0,85.1,85.5,
Mill Hill,80.6,80.9,81.5,82.0,82.3,83.3,83.9,84.3,84.7,85.5,85.2,84.7,
Canons,82.1,82.4,82.1,81.9,83.0,83.3,83.9,84.4,84.4,83.9,83.7,83.5,
Blendon and Penhill,80.8,80.7,81.2,82.4,83.0,83.6,84.0,84.5,84.2,84.2,84.4,84.9,
Cockfosters,81.9,81.8,82.7,82.1,83.0,82.7,83.1,83.5,84.3,83.7,84.5,84.7,
North Greenford,80.1,81.1,81.9,83.4,83.1,84.1,83.4,83.4,83.6,84.3,84.3,84.8,
Kew,79.8,80.5,80.9,81.3,81.1,82.3,82.9,83.5,85.0,86.8,86.8,86.3,
Ickenham,81.5,81.0,81.3,81.7,82.1,82.6,83.5,84.2,84.5,84.7,85.0,85.0,
St Jamess,81.2,81.3,81.1,82.4,83.0,82.6,83.0,83.9,83.4,83.9,84.7,86.1,
Frognal and Fitzjohns,81.0,81.1,81.2,80.5,81.6,81.8,82.3,83.5,85.0,85.4,86.4,87.0,
Wimbledon Park,81.1,81.5,82.3,81.3,81.9,83.0,83.1,82.9,84.5,84.7,84.7,85.1,
North Richmond,79.9,80.5,81.1,81.8,82.3,83.2,83.6,83.6,84.4,85.0,85.7,85.2,
Brampton,81.3,82.1,81.8,82.0,82.3,82.6,82.6,83.1,84.1,84.1,85.0,84.7,
Kenton West,81.4,81.8,81.8,81.9,82.1,83.0,84.2,84.1,83.3,83.9,84.0,83.5,
South Richmond,81.0,81.8,82.2,82.3,83.0,83.0,82.9,83.2,84.0,83.5,83.8,84.0,
Coombe Vale,81.0,81.0,81.4,81.8,82.5,82.8,83.0,83.4,83.5,84.0,84.5,85.5,
Totteridge,81.1,81.5,82.0,81.9,82.4,82.7,82.5,83.1,83.4,84.0,84.4,85.4,
Dollis Hill,80.0,80.8,80.7,80.7,81.5,81.9,82.3,84.1,85.5,85.6,85.5,85.7,
Edgware,81.3,81.3,80.9,81.5,81.8,82.1,82.3,83.7,84.4,84.3,84.9,85.5,
Chaucer,81.4,81.8,83.3,82.5,82.9,84.1,85.1,84.1,82.5,82.1,82.3,81.6,
Thamesfield,80.1,81.0,81.2,81.7,81.6,81.7,82.1,83.1,84.5,85.0,85.9,85.9,
Maida Vale,82.0,82.6,82.8,81.2,82.3,82.8,83.2,83.7,83.4,82.8,83.5,83.6,
Coulsdon East,80.6,80.5,81.1,81.0,81.6,82.1,83.1,83.6,84.7,84.5,85.0,85.2,
West Harrow,81.1,82.0,82.4,82.7,82.3,82.0,82.2,82.7,83.1,83.5,84.5,84.5,
Hayes and Coney Hall,80.6,81.3,81.6,82.2,82.7,82.9,83.1,83.1,83.1,83.5,84.0,84.5,
South Twickenham,80.3,80.9,81.4,81.4,81.5,82.0,82.9,82.6,83.7,84.6,85.5,85.7,
Cranham,80.8,80.8,81.0,81.0,81.3,82.0,82.6,83.3,83.8,84.6,85.5,85.8,
Headstone South,80.0,80.1,80.1,80.8,82.0,83.5,83.8,84.7,84.5,84.1,83.8,84.7,
Palace Riverside,80.6,81.0,81.8,81.7,82.3,82.3,83.3,83.6,83.1,83.2,84.6,84.5,
Hatch End,80.9,81.2,81.2,81.3,82.1,82.5,83.0,83.0,83.8,83.9,84.4,84.2,
Tolworth and Hook Rise,79.9,80.2,80.8,81.8,81.8,82.8,83.5,84.7,84.2,83.8,83.5,84.3,
Darwin,81.9,82.4,83.1,82.6,82.3,82.7,82.5,82.2,82.8,83.2,82.8,82.7,
Warwick,80.2,80.0,81.0,80.5,80.9,82.2,83.6,83.6,84.6,84.8,84.6,84.5,
Belmont,80.5,80.8,81.2,81.8,82.1,82.4,82.5,82.5,83.6,83.7,84.2,85.0,
Heston East,78.7,79.1,79.9,81.1,82.5,83.0,84.8,86.7,84.6,84.1,83.4,82.4,
Dudden Hill,80.9,81.7,81.1,79.8,80.8,81.5,82.2,83.9,84.6,84.5,84.7,84.2,
Worcester Park,80.6,81.0,81.3,82.4,82.2,81.8,82.4,82.9,82.9,83.5,84.2,84.4,
Chessington South,80.9,81.3,81.1,81.3,82.0,82.5,83.0,83.6,83.6,83.7,83.6,83.1,
West Wickham,81.6,81.4,81.2,81.0,81.3,81.5,82.5,83.0,83.3,83.6,84.3,84.7,
Mawneys,81.3,81.8,81.6,81.1,81.5,81.6,82.1,83.0,83.1,83.5,84.0,84.7,
Little Venice,81.7,82.6,83.8,81.4,82.1,82.4,81.8,81.9,81.7,82.2,82.9,84.6,
Northwood Hills,80.9,80.7,80.8,81.4,82.0,82.9,83.1,83.4,83.4,83.2,83.7,83.7,
Swiss Cottage,80.6,80.4,80.5,80.6,81.0,81.5,82.5,83.3,84.2,84.7,84.5,85.2,
Endlebury,79.7,79.7,80.0,80.3,81.3,81.6,82.6,83.2,84.3,84.1,85.6,86.1,
Northwood,80.3,80.5,81.2,81.3,81.9,82.4,83.3,82.9,83.7,83.4,83.7,83.8,
Hampton,80.8,81.3,82.4,82.1,82.2,83.0,83.1,82.9,82.9,82.9,82.7,82.1,
Perivale,80.4,81.1,81.7,81.3,82.1,81.9,82.2,82.4,82.9,83.2,83.9,85.0,
Fryent,81.7,81.6,81.8,81.1,82.5,82.7,83.3,83.2,83.3,82.6,82.3,81.9,
Earls Court,80.6,81.9,81.6,81.3,81.7,83.8,82.7,82.7,82.9,83.1,82.1,83.6,
Bromley Common and Keston,80.3,80.6,81.1,82.0,82.0,82.5,82.8,83.1,83.3,83.5,83.2,83.4,
Highgate,78.4,79.1,79.2,80.8,81.6,82.7,83.2,83.7,84.1,84.7,85.0,85.0,
West Barnes,80.6,81.1,81.2,81.8,82.7,83.1,82.4,82.7,83.0,82.8,83.0,83.0,
Teddington,81.0,81.6,81.2,81.2,81.2,82.5,82.9,83.1,82.8,83.2,83.2,83.3,
St Michaels,80.5,81.2,81.8,82.7,82.0,82.3,81.7,82.4,82.8,82.8,82.7,84.2,
Stanmore Park,80.0,79.8,79.6,81.6,81.6,81.8,82.5,83.1,83.2,84.3,84.6,84.9,
East Barnet,80.7,80.9,81.0,81.4,82.1,82.6,82.9,83.0,82.7,82.8,83.1,83.5,
Hampton North,80.3,80.7,80.9,81.2,82.4,82.7,82.9,83.1,84.0,83.4,82.6,82.6,
Harrow,80.4,80.6,80.7,81.0,81.4,81.9,82.4,82.9,83.3,83.6,83.9,84.2,
Alexandra,79.8,80.3,80.6,81.1,81.2,81.8,82.3,82.6,83.2,83.9,84.3,84.8,
Hale,80.9,80.8,80.8,81.2,81.2,81.7,82.3,82.6,83.3,83.5,83.6,83.8,
Heathfield,80.5,80.8,81.4,81.9,82.0,82.1,82.4,82.4,82.6,82.7,83.3,83.9,
Brondesbury Park,79.4,80.4,81.1,81.5,82.3,81.9,82.0,82.3,83.1,83.1,84.1,84.7,
Cannon Hill,79.7,79.7,80.0,80.3,80.4,81.2,81.9,83.2,84.1,84.5,85.3,85.3,
Chiswick Riverside,80.3,79.9,80.3,79.9,80.4,80.8,82.1,83.3,84.5,83.8,84.9,85.6,
Balham,79.5,79.6,79.7,81.3,81.8,82.3,82.6,82.8,83.5,83.9,84.5,84.1,
Richmond upon Thames,79.9,80.1,80.6,81.0,81.4,81.9,82.5,82.9,83.4,83.7,83.8,84.0,
Southfield,80.5,81.1,82.1,82.4,82.0,82.1,82.4,82.0,81.9,82.3,83.0,83.4,
Hylands,79.8,80.4,80.9,80.8,81.1,81.3,81.6,82.8,83.4,83.7,84.5,84.9,
Addison,79.7,81.1,81.0,81.4,81.7,83.4,82.8,82.5,82.4,83.9,82.3,82.7,
"Westminster, City of",79.8,80.0,80.3,80.9,81.4,82.3,82.8,83.2,83.3,83.4,83.5,83.8,
Barnehurst,80.1,80.3,80.9,81.7,82.6,82.7,83.0,82.9,82.8,82.4,82.5,82.3,
Cavendish,80.8,80.7,80.5,81.1,81.6,81.4,82.4,82.7,82.9,82.8,83.4,83.8,
Parsons Green and Walham,79.1,79.9,80.2,81.0,83.1,83.1,83.0,83.2,82.4,82.5,83.1,83.5,
Kenton East,80.0,80.2,80.3,80.7,80.8,81.5,81.6,82.9,83.1,83.9,84.2,84.8,
Church End,80.2,80.8,81.1,81.0,81.7,82.3,82.7,82.6,82.7,82.7,83.0,83.3,
Hendon,80.8,81.3,81.3,81.6,81.8,82.5,82.5,82.6,82.7,82.6,82.2,82.1,
Beddington North,80.3,80.7,81.1,81.4,82.1,81.9,81.9,81.9,82.4,82.9,83.3,83.4,
Roxeth,80.2,79.9,80.7,81.0,81.2,82.3,82.6,82.6,83.2,83.0,83.0,83.6,
Carshalton Central,78.6,79.5,80.9,81.6,82.1,82.5,82.3,82.5,82.6,83.0,83.5,84.2,
Bridge,78.9,79.7,79.6,80.4,81.2,81.8,82.2,83.1,83.9,84.1,84.1,84.1,
Hampton Wick,79.9,80.5,80.3,80.4,81.1,81.1,81.9,82.4,83.3,83.3,84.4,84.5,
Millwall,80.3,80.8,82.1,79.5,81.1,81.8,83.2,83.3,82.7,81.8,83.0,83.3,
Chessington North and Hook,79.8,80.0,80.3,80.9,81.4,82.0,82.4,82.5,82.9,83.3,83.6,83.4,
Squirrels Heath,80.2,80.1,81.0,81.6,81.8,82.1,82.3,82.3,82.7,82.7,82.7,83.1,
Turnham Green,79.5,80.1,79.6,80.3,80.6,81.3,82.2,83.4,83.6,84.2,83.7,84.0,
Newbury,80.3,80.5,80.0,80.3,81.0,81.2,81.8,81.8,83.0,83.6,84.2,84.7,
Orpington,79.5,80.3,80.5,80.6,80.9,81.8,81.8,82.7,82.7,83.4,84.1,84.0,
Northwick Park,82.1,82.7,81.6,80.6,81.4,81.1,80.8,81.2,82.1,82.3,82.8,83.4,
Northfield,79.7,79.9,80.0,80.2,81.4,82.0,82.1,82.4,82.7,83.0,84.0,84.6,
Grove,79.1,79.8,80.3,80.8,81.4,81.6,82.9,83.0,82.8,83.5,83.2,83.1,
Manor,80.9,80.7,80.6,80.6,81.2,81.4,81.4,81.9,82.8,82.7,83.4,83.8,
Bush Hill Park,79.9,80.4,80.7,80.8,81.2,81.8,82.4,82.7,83.3,82.9,82.9,82.2,
Queensbury,80.0,80.2,80.5,80.8,81.6,82.2,82.6,82.5,82.8,82.6,82.5,82.7,
Stanley,80.1,80.8,80.5,81.5,82.2,81.5,81.5,81.3,81.5,82.3,83.7,84.0,
Mortlake and Barnes Common,77.9,78.8,79.9,80.7,81.0,81.8,82.1,82.3,82.7,84.0,84.5,85.1,
Whitton,80.5,80.2,80.5,80.4,81.1,81.4,82.2,82.6,83.0,83.1,82.6,83.3,
Monkhams,80.1,80.4,81.3,80.8,80.7,81.0,81.7,82.4,82.5,83.2,83.1,83.5,
Northcote,79.4,79.5,79.6,80.3,80.8,80.5,81.3,82.2,82.8,83.5,84.8,85.9,
Lower Morden,80.8,81.8,81.7,81.4,81.2,81.4,81.5,81.9,81.8,82.1,82.5,82.5,
Welsh Harp,81.1,81.2,81.7,81.3,81.1,80.9,82.1,82.0,81.7,82.5,82.9,82.1,
Tachbrook,77.3,78.0,78.1,81.1,81.9,82.6,83.5,83.6,83.5,83.5,83.8,83.8,
East Putney,79.2,80.2,80.5,80.9,80.7,81.4,81.9,82.4,82.8,83.3,83.1,83.7,
Danson Park,79.7,80.0,80.8,81.5,82.0,82.2,82.4,82.1,82.4,82.6,82.2,82.2,
Preston,80.2,80.1,80.4,80.3,81.0,81.9,82.4,82.5,82.9,82.6,82.7,83.1,
West Twickenham,79.4,79.3,80.0,80.0,80.2,80.6,81.9,82.5,83.9,84.2,84.0,84.0,
Hacton,80.4,80.9,81.7,81.0,80.7,81.5,81.2,81.3,82.4,83.1,82.7,83.1,
Palmers Green,79.8,80.3,79.8,80.9,80.8,81.4,81.7,82.5,82.6,83.2,83.3,83.5,
Town,80.2,80.0,80.4,80.9,80.6,80.6,81.3,82.0,82.3,83.5,84.0,83.8,
Cheam,79.2,79.6,80.2,80.6,81.4,82.4,82.6,82.5,82.6,82.9,82.8,83.0,
Emerson Park,80.3,80.2,80.2,81.6,81.8,82.7,82.5,82.4,82.3,82.3,81.5,81.8,
West Hendon,79.9,80.1,80.6,81.3,81.1,81.2,81.4,81.4,81.9,82.9,83.4,84.2,
Bowes,80.2,80.4,80.1,80.0,80.7,80.6,81.3,82.0,82.9,83.4,84.1,83.7,
Surrey Docks,86.6,87.1,86.9,80.0,78.6,79.5,79.4,80.0,80.0,80.2,80.5,80.6,
Eltham North,80.7,80.6,80.7,81.2,80.4,80.5,81.0,81.6,82.0,83.0,83.9,84.0,
Muswell Hill,79.2,79.4,79.1,79.9,80.4,80.4,81.4,82.4,83.2,83.9,84.8,84.8,
Falconwood and Welling,80.0,80.5,80.9,80.4,80.8,81.1,81.2,81.5,82.4,82.9,83.3,83.9,
Southgate,80.1,80.4,81.1,81.1,81.8,81.8,81.5,81.3,81.7,82.1,82.5,83.1,
Coombe Hill,79.3,79.7,79.5,79.8,80.6,81.4,81.6,82.0,83.0,83.9,84.0,83.6,
Munster,79.0,79.9,80.3,81.0,81.3,81.6,81.6,82.4,82.0,82.4,82.7,84.2,
Harrow on the Hill,79.8,80.3,80.5,80.6,80.0,80.7,81.0,82.0,82.0,83.1,83.4,84.5,
Fullwell,80.2,79.1,78.7,79.6,79.7,80.2,81.6,82.3,83.0,83.9,84.6,85.0,
Northumberland Heath,79.3,79.8,79.9,80.6,81.7,81.7,81.3,82.1,82.0,82.2,82.8,84.4,
Barnet,79.8,79.9,80.2,80.7,81.0,81.4,81.7,82.0,82.3,82.6,82.9,83.3,
Oakleigh,80.5,80.0,80.0,80.8,81.0,81.3,81.7,82.1,81.9,82.4,82.7,83.3,
West Ruislip,80.1,79.9,79.8,80.5,81.3,82.1,82.4,82.7,82.6,82.0,81.9,81.9,
Bromley,79.8,79.9,80.2,80.7,81.0,81.4,81.7,81.9,82.2,82.5,82.8,83.0,
Kensal Green,77.2,78.0,78.3,80.2,80.7,81.3,81.4,82.5,83.2,83.6,84.9,85.6,
Crofton Park,78.5,79.3,80.2,80.5,80.6,81.2,81.9,81.9,82.6,83.0,83.2,83.8,
Fortune Green,79.4,79.1,78.7,78.6,78.7,79.8,81.0,81.9,83.5,84.8,85.3,85.9,
Roxbourne,79.0,79.3,79.0,80.6,81.5,81.1,81.5,82.1,82.3,82.6,83.4,84.2,
Southfields,80.0,80.0,80.1,80.5,80.4,80.7,81.4,81.9,82.4,82.6,83.1,83.2,
Crouch End,78.5,78.8,79.4,80.2,80.1,81.0,81.2,81.7,82.8,83.9,84.6,84.1,
Hale End and Highams Park,78.3,78.8,79.0,79.9,81.2,81.9,82.4,82.3,83.3,82.8,83.4,83.2,
Clock House,80.2,80.5,81.0,80.7,80.8,80.9,81.2,81.3,81.7,82.5,82.5,82.9,
Bloomsbury,77.9,78.0,78.0,81.4,81.5,81.6,82.3,82.2,82.5,82.9,84.0,83.7,
Purley,80.5,80.2,79.9,79.8,80.2,80.7,81.2,81.9,82.3,82.7,83.1,83.5,
Kingston upon Thames,79.4,79.6,79.9,80.3,80.7,81.2,81.6,82.0,82.4,82.8,82.9,83.2,
East Finchley,78.2,78.7,79.1,79.1,80.1,81.6,82.0,82.5,83.8,83.7,83.6,83.7,
Osterley and Spring Grove,78.8,80.0,80.2,80.4,81.1,81.0,81.5,81.9,82.3,82.5,83.1,83.0,
Chislehurst,80.1,80.0,80.2,80.8,80.9,81.4,82.0,82.0,81.9,82.0,82.1,82.3,
Stonecot,80.5,80.5,80.9,81.1,81.4,81.5,81.8,82.3,81.5,81.4,81.4,81.5,
College,76.9,77.0,77.8,80.8,81.0,81.7,82.4,82.7,84.2,84.4,83.4,83.4,
Roding,78.6,79.0,79.2,80.4,80.6,81.3,81.7,81.5,82.4,83.4,83.3,84.2,
Carshalton South and Clockhouse,79.9,80.0,79.8,80.3,80.2,80.8,81.4,82.0,82.6,82.9,83.0,82.7,
West Hampstead,77.5,77.6,77.8,79.9,81.5,81.6,82.3,82.8,83.2,83.1,83.3,84.4,
South East,,,,80.1,80.4,80.7,81.0,81.3,81.6,81.8,82.0,82.2,
Vincent Square,78.2,78.5,79.3,80.2,80.7,81.9,83.0,82.7,82.5,82.8,82.6,82.4,
Northolt Mandeville,79.7,79.7,79.9,80.2,80.2,80.7,81.5,81.8,82.1,82.8,82.8,83.2,
St Marks,78.5,79.7,80.3,81.0,81.2,81.5,81.4,81.1,81.3,82.2,83.0,83.2,
Wanstead,79.8,79.8,80.4,80.0,80.1,80.9,81.0,81.4,81.9,82.2,83.0,83.9,
Bensham Manor,78.7,79.5,79.4,79.1,80.4,81.6,81.9,82.3,83.0,82.7,83.0,82.7,
Acton Central,78.3,78.7,79.6,80.1,80.3,81.6,82.7,82.6,82.3,82.6,82.7,82.5,
Chiswick Homefields,78.5,79.9,80.1,80.6,80.7,81.3,80.7,81.1,82.0,82.5,82.8,83.8,
Harrow Weald,79.5,79.2,79.2,79.0,79.6,81.2,82.3,83.0,83.0,82.7,82.6,82.8,
South West,,,,80.1,80.5,80.7,81.0,81.3,81.4,81.7,81.8,82.0,
East Wickham,79.7,79.8,80.2,79.9,79.8,80.5,81.0,81.8,82.2,83.0,83.0,83.2,
Pettits,79.3,79.7,80.1,80.5,81.0,81.3,81.6,81.3,81.5,82.0,82.6,83.1,
Green Street East,79.0,79.1,80.3,79.3,80.7,82.3,81.2,81.7,82.2,82.4,82.4,83.4,
South Camberwell,79.9,80.0,79.8,79.2,79.4,80.1,80.7,81.7,82.4,83.0,83.7,83.6,
Enfield Highway,78.8,79.0,79.4,79.2,79.8,81.2,81.9,82.0,82.9,83.0,83.0,83.2,
Whalebone,79.0,79.7,80.7,80.5,80.6,80.5,81.0,81.0,81.6,82.4,83.6,82.7,
Golders Green,79.5,79.8,79.9,80.6,80.9,81.5,81.6,81.8,82.0,82.0,81.7,81.8,
Marlborough,78.8,78.6,78.8,79.2,79.9,80.7,81.7,82.1,83.1,83.1,83.2,83.7,
Haselbury,79.0,79.8,80.2,81.0,80.7,80.7,81.3,81.5,81.3,81.8,82.2,83.1,
East,,,,79.9,80.3,80.5,80.8,81.1,81.4,81.6,81.9,82.0,
Graveney,78.6,79.5,79.7,79.5,80.1,80.9,81.4,82.2,82.5,82.6,82.6,82.9,
West Finchley,79.4,79.4,79.8,80.1,80.8,80.8,81.0,81.4,82.0,81.9,82.9,83.1,
Uxbridge North,79.3,79.5,80.1,80.5,81.1,80.9,80.7,81.1,81.6,81.7,82.7,83.2,
East Acton,78.5,79.4,79.8,80.5,80.3,81.1,81.3,81.7,81.9,82.6,82.4,82.9,
St James,79.8,80.6,80.9,80.3,81.2,81.1,80.7,80.5,81.8,81.6,81.8,81.9,
Fairlop,80.2,80.2,80.1,80.6,80.8,80.8,81.1,81.1,81.2,81.5,82.0,82.7,
Merton,79.3,79.7,80.0,80.2,80.5,81.0,81.3,81.6,81.8,82.0,82.2,82.3,
Canbury,78.2,78.1,77.6,78.8,79.3,80.4,81.3,83.0,83.8,84.2,83.4,83.9,
Colville,78.6,79.5,79.0,79.0,79.0,80.4,81.0,82.4,83.1,83.2,82.9,83.6,
Springfield,78.8,79.1,79.9,80.3,81.0,81.9,81.9,82.3,83.0,81.2,80.9,81.3,
Hounslow Heath,79.3,78.9,79.0,79.8,79.5,80.2,81.1,81.0,82.4,83.8,83.5,83.1,
Crayford,80.0,80.0,80.1,80.7,80.7,80.7,81.3,80.9,81.2,81.6,81.8,82.2,
Hounslow Central,77.1,77.9,78.4,79.3,80.4,81.5,81.9,82.2,82.7,83.4,82.9,83.7,
Village,78.6,78.9,79.2,80.1,80.3,80.9,81.1,81.4,82.0,82.4,82.9,83.3,
Regents Park,78.0,78.2,78.4,79.9,79.9,80.7,81.7,82.1,82.4,82.9,83.2,83.7,
Harringay,78.6,78.3,79.1,82.2,81.6,81.7,81.3,80.7,80.9,81.4,82.4,83.0,
Lesnes Abbey,79.8,79.7,79.5,79.5,79.5,80.3,81.5,81.9,81.9,83.0,82.9,81.8,
St Katherines and Wapping,79.9,82.2,80.6,80.2,80.5,81.1,80.3,80.4,81.3,81.0,81.6,82.0,
New River,80.4,80.1,79.9,79.8,81.0,80.6,80.8,80.8,81.4,81.2,82.7,82.5,
Ham Petersham and Richmond Riverside,77.9,77.7,78.0,78.9,79.6,80.6,82.0,83.3,83.4,83.0,83.1,83.6,
Churchill,76.1,76.5,76.8,79.9,80.6,82.6,82.7,82.6,83.8,83.2,82.7,83.5,
Colindale,77.8,78.1,78.4,79.6,79.8,80.2,80.5,81.4,82.6,83.4,83.9,85.0,
Chapel End,77.4,78.3,78.9,79.2,80.0,80.5,81.8,82.2,83.0,82.7,83.4,83.0,
Brent,79.1,79.5,79.8,80.0,80.5,80.8,81.1,81.4,81.7,81.9,82.2,82.5,
Fulwell and Hampton Hill,78.3,78.3,78.8,80.1,80.7,81.4,81.7,82.2,82.0,81.9,82.2,82.7,
Croham,79.5,79.9,80.0,80.3,80.9,81.1,81.1,81.3,81.3,81.5,81.4,81.8,
Cleveland,78.9,79.5,79.7,79.9,80.0,80.4,80.6,80.7,81.2,82.0,82.9,83.8,
Alperton,79.0,79.2,79.8,80.0,80.2,80.1,80.2,80.9,81.7,82.1,82.6,83.9,
Beckton,79.7,80.2,80.7,80.3,80.6,81.3,81.5,80.8,81.6,81.2,80.8,80.9,
Southgate Green,78.3,78.8,79.3,79.9,80.2,80.7,81.1,81.0,81.7,82.0,83.0,83.5,
Sutton North,79.0,79.6,79.7,80.3,80.4,80.7,80.2,80.7,81.5,82.1,82.8,82.8,
Belvedere,78.9,78.5,78.6,79.6,80.6,80.7,81.5,81.7,82.2,82.1,82.5,82.6,
Bexley,79.1,79.3,79.6,80.0,80.3,80.8,81.0,81.3,81.7,81.9,82.1,82.4,
Streatham South,79.1,79.8,80.6,79.6,79.8,79.7,80.3,80.6,81.4,82.3,82.8,83.2,
Woodhouse,79.6,79.7,79.3,79.8,79.8,80.1,80.4,81.1,81.1,82.0,83.0,83.3,
Longbridge,79.2,79.7,79.1,79.6,80.0,80.5,80.5,81.6,81.5,82.9,82.2,82.4,
St Marys,78.5,78.5,79.1,79.8,80.0,80.1,80.6,81.4,82.1,82.5,82.9,83.5,
Fulham Reach,79.5,80.2,80.6,80.0,81.1,81.0,81.2,81.5,80.9,81.2,81.0,81.1,
Eltham South,79.2,79.6,79.9,79.9,79.8,80.3,80.7,80.9,81.9,82.4,82.3,81.9,
Pollards Hill,79.0,79.4,79.8,80.7,80.7,80.4,81.4,81.2,81.0,81.5,81.9,82.2,
Ealing Broadway,78.0,78.8,79.5,80.1,80.8,81.4,81.8,81.4,82.2,81.8,81.5,81.7,
Shooters Hill,79.2,79.0,79.3,78.9,79.5,80.2,80.9,81.7,82.5,82.4,82.7,82.6,
Longlands,79.5,79.8,80.3,80.6,80.6,80.8,80.7,80.5,81.0,81.4,81.8,81.9,
Elm Park,78.9,79.2,79.4,79.7,79.8,80.8,81.2,81.1,82.1,82.3,82.1,82.2,
Camden Town with Primrose Hill,77.6,78.2,78.1,78.6,79.1,79.2,80.5,82.1,82.5,83.9,84.6,84.0,
Sudbury,78.5,79.4,79.5,79.3,80.3,81.5,81.5,82.0,82.0,81.7,81.4,81.5,
Golborne,78.1,78.0,79.3,80.0,81.2,81.8,83.5,83.1,82.1,80.6,80.3,80.1,
Thurlow Park,79.0,79.4,79.4,80.2,80.6,80.5,80.9,80.6,81.1,81.7,82.2,82.5,
Harold Wood,78.6,78.9,79.3,80.3,80.9,81.1,81.2,81.3,81.5,81.4,81.6,81.8,
Brunswick Park,78.6,79.2,80.3,80.1,80.4,80.8,80.8,80.5,81.0,81.6,82.0,82.6,
Upminster,78.7,79.0,79.4,79.6,80.2,80.7,80.8,81.1,81.5,81.9,82.5,82.6,
Ashburton,78.9,79.1,80.0,79.8,80.0,80.4,80.2,80.4,81.1,81.7,82.6,83.7,
Fortis Green,77.8,77.9,78.8,79.3,79.6,81.1,81.8,81.8,81.8,82.5,82.5,83.0,
Thornton,77.1,78.9,80.1,78.0,78.9,79.9,80.1,80.5,82.0,83.6,84.4,84.3,
Snaresbrook,78.6,79.1,78.6,78.7,79.7,80.5,81.0,81.5,82.2,82.6,82.4,82.7,
Sutton,78.6,79.0,79.4,79.9,80.2,80.7,80.9,81.2,81.5,81.9,82.2,82.2,
Faraday,80.1,80.9,80.3,79.8,79.9,80.1,80.0,80.9,81.2,81.1,81.7,81.7,
Mapesbury,77.5,79.1,79.4,80.8,81.5,81.1,80.9,81.3,80.9,81.1,81.6,82.2,
Tokyngton,79.1,79.7,80.4,80.6,80.5,81.1,80.9,80.8,80.3,80.8,81.2,81.7,
High Barnet,78.6,78.4,79.2,79.4,79.8,79.8,80.4,81.0,81.9,82.4,83.0,83.1,
Redbridge,79.0,79.2,79.3,79.6,79.9,80.4,80.7,81.1,81.5,81.8,82.1,82.4,
Stroud Green,78.4,79.2,79.6,79.7,80.1,81.4,81.5,81.1,81.5,81.7,81.3,81.3,
Green Street West,78.5,78.9,80.1,78.5,79.8,81.1,80.7,80.7,81.5,81.6,81.9,83.5,
Greenford Green,78.4,78.5,79.3,80.2,80.3,80.1,80.4,81.0,80.9,81.6,82.9,83.0,
Bedford,77.6,78.1,78.4,80.1,80.5,81.6,82.2,82.3,82.5,81.5,81.3,80.5,
Kings Cross,76.8,77.0,77.6,79.6,79.5,80.0,80.5,80.9,81.7,83.3,84.1,85.5,
Clissold,78.6,79.0,79.8,80.9,81.3,81.6,81.0,81.0,80.5,80.4,80.8,81.8,
Underhill,78.5,78.6,79.2,80.2,80.9,81.3,81.4,81.5,81.5,81.1,81.0,81.2,
Coulsdon West,79.1,79.2,79.6,80.0,80.1,80.9,81.2,80.6,80.8,81.0,81.7,82.2,
Holborn and Covent Garden,75.2,75.9,76.2,77.9,79.6,80.1,81.3,82.1,83.3,84.1,84.8,85.7,
Cray Meadows,79.3,79.3,78.6,79.2,79.6,80.8,80.6,81.7,82.1,81.6,81.7,81.4,
Sutton West,79.0,79.5,79.9,79.8,79.6,80.1,80.7,80.7,81.1,81.8,81.8,81.8,
Cazenove,77.2,77.8,77.6,78.7,78.8,79.1,79.7,80.9,82.9,83.8,85.2,84.0,
Copers Cope,78.9,79.0,79.3,79.7,80.0,80.5,80.6,80.7,81.2,81.6,81.9,82.3,
Grange,78.4,78.8,79.1,79.1,79.8,80.3,80.7,81.0,81.7,82.0,81.9,82.2,
Twickenham Riverside,78.6,78.6,78.7,79.0,78.8,79.5,80.5,81.0,82.2,82.8,82.8,82.6,
Norbury,77.9,78.3,79.6,79.7,80.7,81.0,81.2,80.6,81.5,81.2,81.6,81.6,
Enfield,78.6,78.9,79.1,79.4,79.7,80.2,80.5,80.9,81.4,81.7,82.0,82.4,
Wallington South,78.4,78.6,78.9,79.5,80.0,79.8,80.2,81.3,81.6,82.0,82.4,82.2,
St Andrews,78.1,78.8,79.5,79.6,80.0,80.3,80.9,80.6,81.5,81.5,81.9,81.9,
Yeading,78.6,78.7,78.4,79.3,79.8,81.1,81.2,81.7,81.7,81.4,81.5,81.4,
Hillingdon,78.8,78.9,79.1,79.5,79.9,80.3,80.7,81.0,81.4,81.5,81.8,82.0,
Lavender Fields,78.5,78.8,78.8,79.4,79.1,79.5,80.3,81.5,82.5,81.9,82.1,82.1,
Hanworth,78.8,78.6,78.9,78.9,80.0,79.5,80.9,81.1,82.1,81.8,82.3,82.0,
Colliers Wood,78.8,79.0,78.6,79.3,79.5,80.5,80.9,81.4,81.3,81.5,82.1,81.8,
West Green,77.8,77.7,78.8,79.6,79.2,80.5,81.1,81.1,81.2,82.4,82.6,82.5,
Abbey,78.8,78.8,79.1,79.2,80.0,80.3,81.0,81.4,81.4,80.9,81.7,81.7,
Mayfield,79.0,79.3,79.2,79.1,79.7,79.9,80.1,80.3,81.1,81.9,82.3,82.5,
Avonmore and Brook Green,77.5,78.1,78.6,79.4,79.9,80.2,80.9,81.7,81.7,82.3,82.1,82.1,
Lee Green,78.0,78.5,78.4,79.9,80.4,80.3,80.7,81.0,81.1,81.6,82.4,82.2,
Clerkenwell,75.8,76.3,77.0,78.3,79.3,79.9,81.3,82.0,82.8,83.7,84.0,84.0,
Ealing Common,78.7,79.2,78.9,79.4,80.5,80.9,80.8,81.3,81.1,80.8,80.8,81.9,
Sands End,77.2,78.7,78.5,80.7,81.2,80.0,80.1,80.8,80.9,81.1,82.3,82.5,
Christchurch,78.0,78.9,78.9,79.5,80.0,80.2,80.1,81.0,81.9,81.6,81.6,82.2,
Trinity,77.9,78.3,78.5,79.0,79.4,80.6,81.4,82.1,81.8,81.7,81.6,81.7,
Havering,78.7,78.9,79.2,79.5,79.9,80.3,80.6,80.9,81.2,81.4,81.6,81.9,
Bromley Town,79.8,79.2,79.0,79.7,79.5,80.0,80.6,80.7,80.9,81.4,81.5,81.6,
Wembley Central,77.3,77.7,78.1,77.7,78.1,79.4,80.5,81.4,82.7,83.7,83.5,83.8,
Ealing,78.4,78.8,79.2,79.4,79.9,80.3,80.7,80.9,81.2,81.4,81.7,82.1,
Blackheath Westcombe,79.1,79.6,79.8,79.8,79.5,79.9,80.5,80.6,80.2,81.2,81.6,82.0,
Brentford,77.4,77.4,77.6,78.7,79.7,80.3,80.7,81.6,82.0,82.7,82.7,82.9,
Grove Green,78.1,78.9,78.2,78.7,78.6,78.9,79.4,80.0,81.8,82.9,83.5,84.5,
South Ruislip,78.5,78.5,79.0,79.5,80.0,80.5,80.6,81.2,81.2,81.4,81.5,81.7,
Camden,77.4,77.7,78.0,78.8,79.3,79.8,80.5,81.1,81.7,82.4,83.0,83.6,
Rainham and Wennington,79.0,79.0,78.9,79.1,79.3,79.6,80.6,81.4,81.2,81.5,82.2,81.5,
Hobbayne,79.2,79.0,79.4,78.8,79.6,80.3,80.4,80.4,80.8,81.2,81.5,82.4,
Cray Valley East,79.5,79.8,79.7,80.0,79.9,79.9,79.7,80.3,80.7,80.9,81.3,81.4,
Queens Park,78.5,79.5,79.5,79.5,79.4,79.5,79.6,80.3,80.3,81.2,82.3,83.3,
Chingford Green,78.3,78.7,78.6,78.9,79.3,79.9,80.4,81.1,81.8,81.7,82.0,82.2,
Wormholt and White City,77.9,78.0,77.8,79.4,79.4,80.1,80.5,81.0,81.3,81.5,82.6,83.3,
England,,,,79.1,79.3,79.7,80.0,80.3,80.5,80.9,81.1,81.3,
Winchmore Hill,79.3,79.1,79.1,79.0,79.1,79.2,80.1,80.4,80.9,81.8,82.2,82.5,
Berrylands,79.4,79.2,79.5,79.1,79.4,80.2,80.2,80.6,80.7,81.0,81.2,82.3,
East Dulwich,78.3,78.7,79.1,78.6,79.3,80.0,80.8,81.6,81.0,81.2,82.2,82.0,
Notting Barns,79.2,79.6,79.3,78.9,79.7,80.2,79.6,80.8,80.8,81.0,81.5,82.1,
Woodside,79.2,79.8,79.7,79.7,79.2,79.3,79.3,80.3,80.8,81.7,81.7,81.9,
Walpole,78.4,78.4,79.0,78.9,79.6,79.8,80.7,81.0,81.6,81.6,81.9,81.6,
Pinkwell,77.3,77.8,78.1,79.2,79.5,80.6,80.4,80.7,81.5,82.1,82.5,82.8,
Beddington South,78.6,79.3,79.0,79.4,79.4,79.4,79.5,80.6,81.1,81.5,82.3,82.1,
The Wrythe,78.9,78.8,79.1,80.2,80.4,81.1,81.3,80.9,80.7,80.1,80.0,80.7,
Peckham Rye,78.0,77.9,77.9,79.8,79.7,80.4,80.6,81.4,81.0,81.6,81.9,81.9,
East Ham Central,79.3,79.8,78.6,79.0,78.9,78.8,80.0,81.1,81.2,81.7,81.8,81.9,
Raynes Park,79.6,80.2,79.6,79.4,80.1,80.0,80.5,81.0,80.3,80.0,80.3,80.6,
Heathrow Villages,78.9,79.3,78.8,79.6,79.9,80.0,80.4,80.6,80.9,81.0,81.1,81.3,
London,78.2,78.5,78.8,79.2,79.6,80.0,80.4,80.7,81.1,81.4,81.8,82.0,
Charville,79.0,79.2,79.7,78.9,78.8,79.6,80.1,80.4,81.4,81.5,81.4,81.7,
Heston West,78.1,78.1,78.3,79.0,80.3,80.8,81.1,80.6,80.5,81.4,81.6,81.8,
Cranbrook,79.7,79.5,79.5,80.0,79.3,79.7,80.1,80.3,80.1,80.8,81.2,81.4,
Wallington North,77.8,77.6,78.3,79.0,79.4,80.2,80.5,80.8,81.7,82.1,82.3,81.8,
East Midlands,,,,79.0,79.3,79.5,79.8,80.1,80.4,80.7,80.9,81.1,
Croydon,78.5,78.7,79.0,79.1,79.5,79.9,80.4,80.6,81.0,81.1,81.4,81.6,
Stoke Newington Central,77.9,78.9,79.6,79.6,79.4,79.4,79.5,80.2,80.5,80.5,82.1,83.1,
Valley,77.4,78.3,78.2,78.9,78.9,79.4,79.7,80.3,81.1,82.4,82.8,83.2,
Hammersmith and Fulham,78.0,78.5,78.8,79.5,79.8,80.3,80.5,80.8,80.6,80.9,81.2,81.6,
Goodmayes,79.1,79.0,79.3,79.0,79.1,79.7,79.9,80.3,80.7,81.1,81.4,81.5,
England and Wales,,,,79.0,79.3,79.6,79.9,80.2,80.5,80.8,81.0,79.3,
Blackheath,78.1,79.2,80.1,79.5,80.0,79.9,79.9,80.0,80.2,80.5,81.3,81.3,
Larkswood,78.0,78.1,77.9,78.5,78.9,79.2,79.9,81.2,82.1,82.1,82.2,81.8,
Telegraph Hill,77.0,76.9,78.1,81.2,81.0,80.6,80.5,80.3,79.8,80.7,81.5,82.0,
Erith,77.9,78.0,78.6,79.1,79.2,80.0,79.6,80.3,80.8,81.7,82.0,82.2,
Northolt West End,78.6,79.7,80.3,79.9,80.4,79.9,79.8,79.8,79.6,80.0,80.5,80.8,
Gospel Oak,77.5,77.4,77.7,78.4,78.5,78.7,80.0,80.6,81.2,81.8,83.2,84.1,
Greenhill,78.4,78.9,79.3,78.8,78.8,79.1,80.2,80.4,81.3,81.5,81.7,80.8,
Longthornton,77.9,77.5,78.1,78.7,79.6,80.5,80.9,80.7,81.0,81.1,81.3,81.4,
Queenstown,77.2,78.2,78.4,79.2,79.1,79.2,80.2,80.8,80.5,81.6,82.2,82.2,
Bickley,77.9,78.1,78.4,79.0,79.3,79.8,80.2,80.7,80.7,81.2,81.6,81.9,
Cantelowes,77.3,77.9,77.6,79.3,78.9,79.7,80.4,81.1,81.0,81.8,81.8,81.9,
Cray Valley West,78.5,79.0,78.8,79.3,79.3,79.5,79.7,80.3,80.6,81.0,81.4,81.2,
West Thornton,79.0,79.8,79.4,78.7,79.3,79.3,79.2,80.2,80.9,80.5,81.1,81.0,
Perry Vale,77.7,78.4,77.8,79.2,79.3,78.9,79.2,80.5,80.5,81.3,82.2,83.2,
Whitefoot,77.9,78.0,78.5,78.8,78.3,78.8,79.4,79.9,80.7,81.7,82.9,83.3,
Furzedown,77.9,77.7,77.5,78.2,79.2,79.2,80.2,80.8,81.5,81.2,82.3,82.4,
Brunel,77.5,78.2,79.1,79.8,80.4,80.6,80.0,79.9,80.5,80.3,80.3,81.2,
Eastbury,76.7,77.3,77.8,78.3,79.3,80.1,80.3,80.8,81.5,81.6,81.9,82.1,
Valentines,77.1,77.4,78.5,78.9,79.3,80.0,80.3,80.7,81.5,80.8,81.1,82.1,
Fairfield,78.4,78.2,78.6,78.9,79.4,79.8,80.0,80.7,80.7,80.9,80.8,81.1,
Ravenscourt Park,79.9,79.4,80.0,79.6,80.0,79.9,80.6,79.9,79.4,79.4,79.7,79.5,
Surbiton Hill,77.8,78.2,78.3,78.2,78.5,79.4,80.3,81.1,81.4,81.4,81.2,81.4,
Feltham West,77.2,77.5,77.7,78.3,78.6,79.1,79.7,80.6,81.2,81.9,82.4,83.0,
West Midlands,,,,78.5,78.8,79.1,79.4,79.8,80.1,80.4,80.7,80.8,
Boleyn,76.3,77.0,77.2,78.0,78.7,79.0,79.4,80.3,81.6,81.9,82.9,84.4,
Catford South,77.5,77.7,77.6,79.4,79.8,79.9,80.4,80.8,80.6,80.8,81.1,81.2,
Haverstock,76.3,77.0,77.0,78.2,78.4,79.3,80.7,82.2,81.3,82.0,81.8,82.4,
Lordship,77.5,78.5,79.1,79.3,79.9,79.9,79.5,79.7,80.3,80.3,81.2,81.4,
Hainault,77.3,77.8,78.5,79.2,80.3,80.6,80.2,80.4,80.8,80.5,79.9,81.1,
High Street,76.8,77.8,77.6,78.1,78.5,79.2,79.4,81.2,82.1,82.0,82.5,81.3,
Childs Hill,78.3,79.1,78.8,79.1,79.6,79.5,79.1,79.6,80.0,80.4,81.0,81.8,
Shaftesbury,77.4,78.0,79.0,79.4,79.9,79.3,78.9,79.3,80.0,80.3,81.5,83.0,
Blackwall and Cubitt Town,77.2,77.8,78.2,78.1,78.7,79.8,79.5,80.3,80.7,81.4,81.9,82.5,
Chadwell Heath,78.4,79.0,79.2,78.9,79.3,79.4,79.8,79.7,80.4,80.1,80.7,80.9,
West Putney,79.2,79.3,78.6,78.5,78.7,78.6,79.2,80.3,80.7,81.1,81.0,80.6,
Askew,75.7,76.1,76.1,78.4,78.0,80.2,80.6,81.8,82.3,82.2,82.1,82.5,
Kenley,78.1,78.0,78.2,78.9,79.0,79.2,79.4,79.9,80.4,81.0,81.6,82.1,
Cranford,78.5,78.6,78.8,77.9,78.3,78.9,79.9,79.7,80.0,80.8,81.6,82.5,
Romford Town,76.9,77.4,77.5,78.0,78.7,79.0,80.0,80.6,80.8,81.6,82.5,82.7,
Hounslow,77.6,77.8,78.0,78.4,78.9,79.4,79.9,80.4,80.8,81.1,81.4,81.7,
Hanworth Park,79.1,78.4,78.5,78.2,78.4,78.5,79.1,79.7,80.8,80.7,81.3,82.8,
Willesden Green,79.6,79.6,80.7,79.0,78.9,78.9,78.2,78.8,79.1,80.0,80.4,82.1,
Wall End,77.5,78.2,77.8,78.5,78.3,79.4,79.7,80.3,81.0,81.4,81.0,82.1,
Cathedrals,76.7,77.0,77.5,78.4,79.8,80.8,81.1,81.3,81.2,81.0,80.3,80.1,
Beverley,78.4,78.0,78.1,78.6,79.0,79.1,79.3,80.1,80.6,80.6,81.3,82.0,
Southbury,77.3,77.1,77.7,77.7,78.1,78.2,79.4,80.0,81.2,82.5,82.8,83.0,
Earlsfield,77.9,77.9,78.9,77.8,77.8,78.3,79.3,80.5,81.0,81.7,81.7,82.2,
Highbury East,78.0,79.0,78.2,78.4,78.5,78.3,78.5,79.5,80.3,81.3,82.2,82.7,
Haringey,77.1,77.2,77.7,78.3,78.7,79.4,80.1,80.3,80.7,81.3,81.8,82.1,
Canonbury,76.7,77.6,78.1,78.3,78.4,78.8,79.3,79.5,80.3,81.9,82.6,82.8,
Seven Kings,77.2,77.9,77.7,79.4,78.9,79.2,79.6,79.8,79.9,81.2,81.7,81.9,
Colyers,76.7,77.1,77.5,78.2,78.7,79.8,80.7,80.3,80.8,81.7,81.5,81.3,
Greenwich West,79.0,78.5,77.8,78.4,78.6,78.9,79.7,80.3,80.5,80.8,81.1,80.7,
Plaistow and Sundridge,78.1,78.1,78.6,79.6,79.6,80.2,80.4,80.3,80.0,79.8,79.8,79.7,
Uxbridge South,78.3,78.7,78.1,78.6,78.5,79.0,79.4,79.9,80.4,80.9,80.9,81.4,
Wandsworth,77.6,78.0,78.1,78.6,79.0,79.2,79.6,80.1,80.4,80.8,81.2,81.4,
Kidbrooke with Hornfair,77.8,78.2,78.5,77.8,78.5,79.1,79.6,80.1,80.7,80.7,81.4,81.5,
Yorkshire and The Humber,,,,78.5,78.7,79.0,79.2,79.5,79.7,80.0,80.2,80.4,
Riverside,78.4,78.3,78.7,79.1,78.9,78.3,78.7,79.1,79.7,80.7,81.8,81.9,
Greenford Broadway,78.0,78.8,79.0,79.6,79.5,79.6,79.6,79.8,79.5,79.8,80.1,80.2,
Lower Edmonton,77.8,77.8,78.3,78.6,78.3,79.3,79.5,79.9,80.2,81.1,81.1,81.7,
Wandsworth Common,77.8,78.3,77.7,78.8,78.7,79.5,79.8,79.7,80.1,80.9,80.7,81.6,
Kings Park,76.9,77.4,78.6,77.9,78.4,78.7,79.4,79.9,80.9,81.2,82.1,82.2,
South Norwood,77.8,78.0,78.6,78.9,79.8,79.6,79.6,79.8,80.2,79.8,80.6,80.7,
Coldharbour and New Eltham,77.4,77.0,77.0,77.8,78.8,79.7,80.4,80.7,80.9,81.1,81.2,81.3,
Seven Sisters,77.8,77.9,78.2,78.6,78.1,78.4,78.9,79.4,79.9,81.6,82.0,82.6,
Wales,,,,78.4,78.6,79.0,79.2,79.5,79.7,80.0,80.2,80.4,
Chadwell,79.2,78.6,78.4,78.6,78.9,78.9,79.6,80.0,80.1,79.9,80.4,80.8,
Barnhill,79.3,79.1,79.4,78.9,78.8,79.0,79.3,79.3,79.5,79.8,80.1,80.3,
Sidcup,77.3,77.6,78.1,78.2,78.4,79.1,79.5,79.9,80.5,81.0,81.5,81.5,
Clementswood,77.5,77.6,77.5,77.8,79.0,79.3,79.6,80.0,80.6,80.3,81.3,81.7,
Harrow Road,80.0,79.9,80.5,76.8,77.0,77.6,77.9,79.2,80.6,80.5,80.8,81.5,
Sutton South,77.7,78.3,78.1,78.2,78.4,79.5,79.6,80.2,80.4,80.9,80.5,80.1,
Hillingdon East,77.7,77.8,78.3,78.3,78.5,78.7,79.3,79.5,80.4,80.9,80.9,81.7,
Forest,76.8,77.2,78.1,78.5,78.8,78.7,79.6,79.9,80.7,80.8,81.4,81.3,
St Anns,78.1,78.1,78.9,78.6,78.2,78.8,78.9,78.6,79.3,80.2,81.2,82.6,
Aldborough,78.2,78.2,78.0,78.1,79.2,79.3,79.4,80.1,80.6,79.9,80.1,80.0,
Bromley-by-Bow,75.9,76.5,78.2,79.7,79.2,78.5,79.9,79.8,80.1,80.6,81.3,81.4,
Tulse Hill,77.7,77.8,77.9,77.9,78.5,78.8,78.8,79.4,80.0,80.5,81.2,82.6,
Bounds Green,78.0,78.3,78.2,78.5,78.9,78.7,78.6,79.2,79.3,79.9,81.2,82.2,
Royal Docks,76.6,76.8,76.8,77.7,78.3,78.3,79.2,80.8,80.4,81.3,82.3,82.6,
Middle Park and Sutcliffe,77.1,77.9,78.5,78.4,78.2,78.5,78.6,79.3,80.0,80.5,81.5,82.4,
Heaton,78.6,78.8,78.7,78.8,79.3,80.0,80.1,79.9,79.8,79.3,78.8,78.8,
Highbury West,77.1,77.3,77.3,77.9,78.3,78.9,79.8,80.1,80.1,80.8,80.8,82.2,
St Leonards,77.3,77.4,77.9,77.2,77.5,77.7,78.3,79.1,80.7,81.7,82.7,82.9,
Southall Green,76.7,77.3,77.7,78.3,79.4,80.1,79.8,80.1,80.2,79.9,80.3,80.8,
Elthorne,76.4,76.9,77.8,77.7,78.2,79.3,79.9,80.0,80.8,81.0,81.0,81.5,
Waltham Forest,76.9,77.2,77.6,77.9,78.4,78.8,79.4,79.8,80.5,80.9,81.3,81.5,
Peninsula,76.1,76.9,77.3,78.1,78.2,79.3,79.9,80.4,80.5,80.7,81.3,81.4,
Coppetts,77.0,77.6,77.9,78.4,78.6,79.1,79.4,79.9,79.9,80.6,80.5,81.1,
Grove Park,77.5,78.3,78.2,78.3,78.9,79.2,79.7,79.7,79.6,79.8,80.5,80.3,
Hornsey,76.9,76.9,77.2,77.4,77.9,78.6,79.0,79.4,80.0,81.0,82.6,82.9,
Tooting,77.3,77.7,77.4,77.7,78.7,79.0,78.9,80.0,80.1,80.3,81.1,81.5,
Lady Margaret,77.0,76.8,77.2,77.5,78.3,78.7,80.2,80.4,81.0,80.7,81.0,80.7,
Noel Park,76.3,76.3,77.3,77.2,78.9,79.4,80.5,80.4,81.0,80.1,81.1,80.9,
Penge and Cator,76.5,76.5,77.0,77.4,78.3,78.7,78.9,79.6,80.5,81.4,82.3,82.4,
Cricket Green,76.3,77.5,78.6,78.1,78.0,79.8,79.9,80.1,79.7,80.3,80.1,80.8,
Bedfont,77.3,77.5,77.5,78.4,79.2,80.0,79.8,79.6,79.7,79.8,79.6,80.9,
Wandle Valley,77.9,78.2,78.8,78.4,79.3,79.4,79.6,79.3,79.5,79.2,80.0,79.6,
Upper Norwood,77.5,77.5,77.9,77.9,78.3,78.8,79.5,79.6,80.3,80.5,80.4,80.8,
Ponders End,75.5,76.4,76.9,78.0,79.2,80.7,80.0,79.7,80.0,80.1,80.6,81.9,
St Georges,77.1,77.6,78.4,77.7,77.4,78.0,77.7,78.1,79.5,80.8,81.7,84.4,
South Hornchurch,77.5,77.7,77.8,78.1,79.0,79.3,79.2,79.2,79.6,80.2,80.3,80.7,
St Helier,77.3,77.7,78.0,78.7,78.6,79.0,78.9,79.3,79.5,80.2,80.5,80.7,
Bunhill,76.3,76.9,77.0,78.1,78.8,78.8,78.7,79.6,79.9,80.7,81.3,82.4,
Mottingham and Chislehurst North,77.2,77.5,78.3,78.4,78.7,78.7,79.1,79.2,79.9,80.0,80.3,80.9,
Victoria,77.3,77.6,77.8,77.7,79.3,79.8,80.3,80.1,79.9,79.1,79.5,79.7,
Clapham Common,78.0,78.2,78.5,78.0,78.4,78.0,78.5,79.3,79.8,79.8,80.8,80.7,
Ladywell,76.3,76.7,76.8,78.3,79.2,79.2,79.1,79.5,80.0,80.1,81.0,81.5,
Stockwell,76.1,76.5,76.8,78.5,79.5,79.7,79.7,79.9,80.0,79.8,80.4,80.8,
Brownswood,77.3,77.2,77.9,77.3,77.2,78.3,79.5,79.8,80.0,81.1,81.1,80.8,
Hatch Lane,77.6,77.7,77.7,77.4,78.1,78.7,79.7,79.2,80.2,80.5,80.2,80.2,
Herne Hill,74.8,75.1,75.6,77.5,78.7,79.7,80.1,80.4,81.0,81.2,81.5,81.5,
Turkey Street,78.6,78.7,78.8,77.9,78.0,78.1,78.1,78.7,79.5,79.8,80.2,80.7,
Southwark,76.9,77.2,77.7,78.0,78.4,78.7,79.2,79.4,79.7,80.2,80.7,80.9,
Plaistow North,76.6,77.2,77.8,77.9,78.0,78.0,78.3,78.7,79.5,80.4,81.7,82.8,
Livesey,75.5,75.4,75.9,78.0,78.5,79.0,79.9,80.1,79.9,80.9,81.8,81.7,
Yiewsley,78.1,77.7,77.5,78.0,77.5,77.8,78.2,79.1,79.5,80.4,81.3,81.6,
Dormers Wells,76.3,76.9,76.6,77.5,78.5,79.1,79.2,80.0,80.4,79.9,80.6,81.7,
North End,76.5,77.1,77.9,78.7,79.4,79.6,79.5,79.4,79.2,79.4,79.6,80.2,
Jubilee,76.9,77.0,77.7,77.7,78.0,78.6,79.2,79.7,80.2,80.2,80.6,80.8,
Barnsbury,77.5,77.9,78.4,79.0,79.4,79.3,78.6,79.3,79.1,79.2,79.0,79.7,
Gipsy Hill,77.6,77.6,77.8,76.3,77.0,78.6,79.2,79.9,80.8,80.8,80.2,80.6,
Wood Street,77.6,77.4,77.5,78.2,78.0,78.3,78.9,79.3,79.5,79.8,80.2,81.5,
Vassall,75.5,75.9,77.0,77.4,78.3,78.7,78.3,79.6,79.7,80.5,81.8,83.6,
Downham,76.7,77.2,77.1,77.6,78.1,77.8,78.1,79.3,79.7,80.3,82.1,82.2,
North West,,,,77.7,78.0,78.3,78.6,78.8,79.1,79.4,79.7,79.9,
South Bermondsey,76.1,76.3,77.6,77.5,78.1,78.3,78.7,79.5,80.0,80.7,81.5,81.7,
Bishops,76.4,77.0,79.0,77.6,77.8,77.9,79.0,78.6,79.8,80.1,81.2,81.6,
Southall Broadway,76.6,77.0,77.4,77.6,78.1,78.3,78.7,79.0,79.7,80.3,81.1,82.0,
Becontree,78.0,78.7,78.6,79.2,79.0,79.2,78.4,78.9,78.7,78.9,79.2,79.1,
North East,,,,77.7,77.9,78.2,78.5,78.9,79.2,79.4,79.7,79.8,
Addiscombe,76.4,76.3,76.3,77.0,78.4,79.2,79.6,80.0,80.8,80.6,80.6,80.7,
Sutton Central,76.1,77.0,76.9,77.4,78.2,78.7,78.9,79.2,80.0,80.8,81.1,81.5,
Brockley,76.2,76.7,77.3,80.2,79.3,79.1,79.2,79.3,79.2,79.3,79.7,80.1,
Heston Central,76.9,77.2,77.7,76.9,77.6,78.4,79.0,79.6,80.5,80.5,80.8,80.6,
Coldharbour,75.0,75.0,74.8,77.6,78.5,79.7,79.3,79.7,80.6,81.5,81.6,82.1,
Hackney,77.0,77.5,78.0,77.9,78.2,78.5,78.8,79.0,79.7,79.9,80.3,80.7,
Thornton Heath,76.6,77.6,78.2,77.9,78.4,78.6,79.0,79.1,79.3,79.7,80.4,80.1,
Dalston,76.3,77.8,77.3,77.4,77.7,78.3,78.4,79.4,80.3,80.4,80.5,80.9,
Spitalfields and Banglatown,75.4,77.8,78.9,79.2,79.1,78.8,78.4,78.6,78.9,79.0,79.9,80.5,
Hoxton,77.0,79.0,80.1,77.7,77.9,77.6,77.3,77.6,79.4,79.5,80.5,80.9,
Bruce Grove,74.3,74.5,75.6,77.3,79.0,79.6,80.1,79.7,80.4,80.2,81.2,82.6,
Ferndale,74.1,74.7,75.2,78.3,79.0,79.1,79.5,80.4,81.1,81.1,80.8,81.1,
Enfield Lock,77.7,77.8,77.6,77.9,78.1,79.3,79.2,79.3,79.0,79.1,79.2,79.9,
Shepherds Bush Green,76.2,76.7,77.2,78.3,77.9,78.7,79.2,79.7,80.1,79.8,79.9,80.4,
Higham Hill,75.5,76.3,78.2,78.2,78.2,78.4,79.3,79.2,79.3,79.8,80.7,80.9,
Leytonstone,76.1,76.1,76.7,77.5,78.0,78.7,78.8,79.4,79.5,80.2,80.8,82.1,
Thames,77.2,77.2,77.3,77.7,78.0,78.3,79.6,79.4,78.9,79.8,80.1,80.1,
Greenwich,77.2,77.3,77.5,77.7,77.9,78.2,78.6,79.0,79.5,79.9,80.3,80.6,
Goresbrook,77.0,77.5,77.3,77.0,77.9,78.7,78.4,79.5,79.5,79.6,80.2,80.8,
College Park and Old Oak,77.4,77.1,76.8,78.4,79.7,79.3,79.2,79.8,78.9,77.9,79.1,79.8,
West Ham,75.2,75.9,76.5,77.5,78.0,78.0,79.2,79.8,80.0,80.8,81.2,81.1,
Burnt Oak,77.6,77.5,78.1,78.9,78.8,79.2,79.4,78.7,78.3,78.8,78.7,79.1,
Bow West,76.6,76.7,77.1,77.5,78.0,78.1,78.6,78.6,79.8,80.0,80.9,81.1,
Lewisham,76.5,76.8,77.0,77.7,78.1,78.3,78.7,79.2,79.4,79.8,80.5,80.8,
West Drayton,78.0,77.9,78.3,78.6,78.7,78.4,78.6,78.4,78.5,78.9,79.1,79.4,
Streatham Hill,77.5,77.9,78.2,78.2,78.6,78.3,78.3,78.6,79.2,78.9,79.1,79.9,
Stonebridge,76.6,76.8,77.2,77.9,78.5,79.0,79.5,79.7,79.7,79.1,79.3,79.2,
Wealdstone,76.5,77.4,77.6,77.7,77.6,77.9,78.2,78.4,78.9,79.8,80.9,81.2,
Chase,76.7,77.3,77.3,78.2,78.2,79.5,79.0,78.9,78.8,79.0,79.4,80.1,
Plumstead,76.5,77.1,76.9,77.6,77.6,78.0,78.2,78.8,79.5,79.9,80.8,81.3,
Shadwell,76.1,76.5,77.4,77.4,77.1,77.6,78.2,78.5,79.2,80.4,81.5,82.3,
Mildmay,76.2,75.9,76.4,76.4,76.9,78.0,79.0,79.9,80.6,80.5,81.1,81.0,
Princes,75.4,76.1,76.6,77.5,77.7,78.4,78.6,78.7,79.3,79.9,81.2,82.1,
Lambeth,76.4,76.7,77.2,77.4,77.9,78.2,78.5,78.9,79.5,79.8,80.3,80.8,
William Morris,76.1,76.4,77.0,77.4,77.5,78.1,78.7,79.1,79.4,80.3,80.4,81.0,
Queensbridge,77.4,77.6,78.1,77.8,77.6,77.2,77.3,77.0,78.5,80.0,81.0,81.5,
Parsloes,77.3,78.1,78.2,77.7,77.4,77.4,77.7,78.6,79.4,79.6,79.8,79.8,
Forest Hill,76.4,76.5,76.7,77.3,77.2,77.8,78.6,79.2,79.7,80.1,80.6,80.7,
Rotherhithe,75.4,75.9,76.0,77.0,77.9,78.8,79.2,79.7,79.7,80.1,80.3,80.8,
Fulham Broadway,76.9,77.8,77.6,77.7,78.1,78.3,78.5,78.6,78.7,78.8,79.3,80.1,
Havering Park,77.5,77.4,77.3,77.9,78.0,78.1,78.1,78.8,79.0,79.4,79.2,79.7,
Islington,76.2,76.4,76.8,77.3,77.6,78.0,78.5,78.9,79.4,79.9,80.4,80.9,
Caledonian,75.8,76.4,76.3,76.5,77.4,78.2,78.8,78.9,80.1,80.6,80.5,80.8,
Bethnal Green South,76.4,76.6,77.7,77.2,78.1,78.4,78.6,79.1,79.1,78.9,79.8,79.8,
Oval,76.7,76.9,77.5,77.7,77.4,77.7,77.6,78.4,79.0,79.8,80.4,80.7,
Harefield,75.6,75.3,76.2,76.9,77.3,78.3,79.7,80.1,80.1,80.3,80.1,79.6,
Kilburn,75.9,76.5,77.0,77.7,77.8,77.8,77.9,78.1,78.9,79.9,80.8,81.1,
Figges Marsh,76.7,77.0,76.6,77.6,78.0,78.1,78.4,78.9,79.1,79.2,79.9,80.0,
De Beauvoir,75.9,77.1,78.3,78.2,78.8,78.6,78.8,78.6,78.7,78.4,78.6,79.1,
Church Street,75.6,75.6,76.3,77.5,77.5,77.9,78.3,78.8,79.6,80.0,80.9,81.3,
Broad Green,75.6,75.7,75.8,76.1,76.8,78.3,80.0,80.0,80.8,80.3,80.2,79.4,
The Lane,75.0,75.7,76.0,76.7,77.5,77.8,78.6,79.2,79.6,80.6,81.1,81.2,
Barking and Dagenham,76.9,77.2,77.4,77.4,77.6,78.0,78.2,78.5,79.0,79.2,79.7,79.9,
Haggerston,76.2,77.3,77.5,76.5,77.1,78.0,78.6,78.7,79.0,79.9,80.1,79.9,
Hammersmith Broadway,76.4,76.9,77.4,77.7,78.1,78.8,78.5,78.7,78.8,79.4,78.9,79.2,
Leyton,75.3,75.6,76.4,76.4,76.8,78.1,78.2,79.0,80.4,80.7,80.6,81.1,
Gooshays,76.8,77.0,77.1,77.2,78.2,78.5,78.7,78.8,79.1,79.0,79.0,79.1,
Newington,75.1,75.4,76.3,77.4,78.0,78.1,78.6,78.8,79.1,79.4,81.0,81.2,
Peckham,79.7,80.1,79.7,77.4,77.4,77.0,77.4,77.5,77.2,77.5,78.4,78.8,
Thamesmead East,77.3,77.4,78.3,77.6,76.9,77.2,77.5,77.3,78.0,79.2,80.0,81.4,
Eltham West,77.0,77.4,77.7,77.6,78.2,78.0,77.6,77.5,78.7,79.2,79.2,79.8,
Tottenham Hale,75.8,75.4,75.3,76.6,76.4,77.8,78.8,79.1,79.6,80.8,81.1,81.1,
Streatham Wells,76.6,76.7,76.5,76.4,77.5,78.1,78.2,79.2,79.7,79.2,79.4,80.3,
Roehampton,76.9,76.9,76.5,77.0,77.2,77.8,78.2,79.0,79.0,80.0,79.6,79.8,
Norwood Green,75.9,76.5,76.6,76.8,77.7,78.3,78.6,78.9,79.2,79.5,79.6,79.7,
Hackney Downs,76.0,75.8,76.2,76.8,77.4,77.5,78.5,78.3,79.2,79.8,80.4,81.6,
Stratford and New Town,75.6,76.2,76.8,76.4,77.5,78.1,78.5,78.4,79.5,79.3,80.5,80.6,
Plaistow South,75.7,76.0,76.3,75.8,76.6,77.4,77.8,78.9,79.8,80.4,80.7,81.9,
St Charles,75.8,76.4,77.5,78.5,79.2,78.8,79.2,79.5,78.1,78.0,78.4,78.0,
Edmonton Green,75.6,75.5,75.2,75.9,76.6,77.1,77.5,78.6,80.2,80.9,81.8,82.2,
East Ham South,76.3,76.8,77.2,77.3,77.6,77.5,77.8,78.5,78.9,79.3,80.0,79.7,
Ravensbury,76.7,76.5,77.6,78.0,78.3,77.8,78.1,77.8,78.6,78.6,79.2,79.6,
Newham,76.0,76.4,76.5,76.9,77.3,77.6,78.0,78.6,79.2,79.6,80.1,80.6,
South Acton,77.3,76.9,76.9,76.6,77.3,77.7,78.4,78.9,79.6,79.1,79.1,78.9,
Harlesden,74.8,74.7,74.6,77.9,78.3,78.1,78.9,79.1,79.3,79.7,80.5,80.6,
Markhouse,75.8,76.4,76.2,75.8,75.9,76.8,77.5,78.7,79.8,80.4,81.2,81.9,
Mayesbrook,76.9,77.5,77.7,77.2,77.3,77.2,76.7,77.5,78.3,79.0,80.1,80.7,
Bellingham,77.0,77.4,77.1,77.0,77.3,77.2,77.3,78.2,78.7,79.3,79.7,79.8,
Forest Gate North,76.6,76.1,75.9,76.1,77.0,76.9,77.5,78.5,79.1,79.8,80.6,81.2,
Leabridge,78.0,79.1,79.0,79.1,78.2,77.8,77.3,76.8,77.2,77.7,77.4,77.7,
Tower Hamlets,75.9,76.4,76.9,77.0,77.4,77.7,78.0,78.2,78.7,79.1,79.7,80.0,
Hoe Street,75.9,75.9,75.9,76.6,77.5,77.9,78.9,78.6,79.2,79.3,79.7,79.6,
Weavers,77.8,77.7,77.5,76.3,76.3,76.4,77.3,78.2,78.4,79.2,79.6,79.6,
Brooklands,76.6,76.8,76.8,77.5,77.7,77.6,78.0,78.1,78.2,78.4,79.0,79.5,
Crystal Palace,75.4,76.3,77.1,77.4,77.9,78.2,78.1,78.5,78.1,78.5,79.3,79.4,
Cann Hall,75.9,76.3,76.8,76.8,77.0,77.4,77.6,78.0,78.6,80.0,79.8,80.1,
Cathall,74.4,74.5,74.9,75.4,76.8,77.6,78.4,79.0,79.4,80.3,81.4,81.9,
Eastbrook,76.4,77.2,77.0,77.1,77.1,77.8,77.4,78.0,78.1,78.9,79.1,79.8,
Rushey Green,75.1,75.5,75.6,75.8,76.5,76.8,77.7,78.9,79.3,80.2,81.1,81.1,
Townfield,75.7,75.8,76.1,76.6,77.3,78.2,78.2,78.2,78.6,79.4,79.6,80.0,
Nightingale,77.0,77.1,77.0,77.5,77.1,77.0,77.4,77.7,78.1,78.9,79.3,79.6,
West Hill,74.9,75.4,75.4,76.9,77.8,78.2,78.7,78.8,78.8,79.2,79.9,79.8,
Hillrise,76.2,76.0,76.3,76.5,76.5,77.2,78.1,78.1,78.8,79.7,80.0,79.7,
Chatham,75.1,75.5,75.5,75.7,75.9,76.6,78.5,79.4,79.9,80.8,80.4,79.9,
Mile End and Globe Town,75.6,76.6,77.3,77.3,78.1,78.6,78.7,77.9,77.7,78.4,78.6,78.4,
Isleworth,74.6,74.7,75.9,75.9,76.3,77.2,77.7,78.2,78.9,80.5,81.1,82.0,
Abbey Wood,76.2,76.5,76.5,76.8,76.9,77.6,77.3,77.8,78.7,79.1,79.2,80.2,
Alibon,76.1,76.5,77.1,77.2,77.5,77.6,77.8,78.2,78.3,78.1,78.9,79.2,
New Addington,77.0,77.0,76.8,76.7,77.3,77.3,77.9,78.3,78.3,78.1,78.7,78.8,
Evelyn,75.3,75.7,76.0,75.9,76.9,77.5,78.6,78.4,79.0,78.9,79.3,80.2,
Hackney Central,76.0,75.9,76.3,76.0,75.5,76.3,77.2,78.0,78.9,80.4,79.9,81.4,
Norbiton,75.4,76.1,76.1,77.2,77.4,77.9,77.9,77.9,78.5,78.9,78.8,79.4,
Tollington,74.1,74.6,75.0,76.3,76.6,76.8,77.4,78.1,79.0,79.9,81.5,81.9,
Fieldway,76.9,76.2,76.6,76.8,76.8,75.9,77.6,77.3,78.0,79.1,79.9,79.9,
Holloway,74.5,74.5,75.0,76.4,76.9,77.2,78.1,78.4,78.8,79.4,80.2,81.1,
Hounslow West,74.6,75.4,76.0,76.7,77.0,78.0,78.5,78.8,78.5,78.7,78.9,79.1,
Northumberland Park,74.3,74.3,75.0,75.3,76.3,77.6,78.9,78.6,79.5,79.9,80.4,80.1,
Tottenham Green,76.2,75.6,75.8,75.8,76.3,77.4,78.4,78.4,79.3,79.2,78.8,79.0,
Botwell,76.3,75.7,76.3,76.5,77.1,77.3,78.5,78.5,78.8,78.3,78.1,78.7,
Larkhall,75.5,75.9,76.9,78.2,77.7,77.9,78.0,77.7,77.5,78.4,78.0,78.3,
Junction,75.8,75.8,76.7,77.2,77.3,77.7,78.6,78.0,78.3,78.1,78.3,78.0,
Westbourne,78.0,77.9,77.5,75.4,75.9,76.9,77.5,78.0,78.0,78.3,78.4,78.0,
St Peters,76.2,75.9,76.5,76.6,76.9,77.1,77.9,77.8,78.4,78.7,78.4,79.0,
Latchmere,74.5,74.5,74.8,75.9,76.8,77.5,77.9,78.4,78.9,79.6,79.8,80.6,
St Marys Park,76.0,76.4,76.7,77.2,77.4,77.2,77.2,77.2,77.5,77.8,78.7,79.0,
Sydenham,75.7,76.0,76.4,76.3,76.9,77.4,77.8,77.9,77.8,78.4,78.5,78.8,
East Walworth,75.6,75.6,76.1,76.0,75.8,76.7,76.7,77.3,77.6,78.9,80.4,81.0,
Mile End East,75.8,75.7,76.1,76.2,76.1,76.0,76.4,77.1,78.6,78.9,80.1,80.1,
Brixton Hill,76.2,75.7,76.1,76.2,76.8,76.7,77.1,77.3,78.0,78.0,78.8,79.7,
Gascoigne,76.0,75.5,75.3,75.6,76.9,77.3,77.9,78.2,79.2,77.8,78.3,78.6,
Bow East,74.5,75.9,75.8,76.7,77.2,77.0,76.4,76.6,77.7,78.2,79.4,81.0,
Heath,75.8,76.5,76.9,76.2,76.6,77.0,77.3,76.9,77.9,77.9,78.3,78.9,
St Pancras and Somers Town,74.1,74.0,75.0,75.0,75.7,77.0,78.0,78.8,78.9,79.7,79.6,80.1,
Waddon,75.6,76.1,75.8,76.3,76.6,77.5,77.8,77.6,78.0,78.1,78.1,78.1,
Canning Town South,74.0,74.7,76.3,76.3,76.9,77.0,77.6,77.7,78.2,78.5,79.1,79.1,
East Ham North,74.7,75.6,75.3,77.1,76.8,77.3,76.5,76.9,77.2,78.1,78.8,80.4,
Whitechapel,76.2,76.3,76.2,76.1,76.8,76.9,77.6,78.7,78.1,77.5,77.2,76.7,
Valence,76.5,76.9,77.1,76.2,76.5,76.2,75.4,76.1,77.3,77.7,78.7,79.9,
Manor Park,75.5,75.1,75.3,75.4,76.4,76.3,77.2,77.7,78.5,78.4,79.0,79.5,
East India and Lansbury,74.5,75.2,76.0,76.6,76.6,77.2,77.8,77.6,77.7,78.2,78.3,78.4,
Charlton,75.4,75.9,76.1,76.4,76.7,76.9,77.3,77.0,77.1,77.4,78.2,78.8,
White Hart Lane,74.9,74.8,74.9,75.1,75.3,76.1,77.1,77.5,78.4,79.5,79.9,79.3,
Canning Town North,74.4,75.0,74.7,75.8,75.6,75.7,76.6,77.2,78.4,79.0,79.7,80.0,
Forest Gate South,76.1,75.8,75.8,76.4,76.6,76.1,76.9,77.3,77.6,77.7,77.8,77.8,
Loxford,76.2,76.4,76.0,75.8,75.3,75.9,76.2,76.7,77.2,78.1,78.9,78.9,
Little Ilford,74.7,75.1,75.5,76.3,76.0,76.3,76.4,76.9,77.7,78.3,78.9,79.5,
Syon,75.4,75.7,75.4,75.9,76.1,76.6,76.5,77.1,77.6,78.1,78.1,78.7,
Clapham Town,76.1,76.2,76.9,76.1,76.5,76.4,76.2,76.2,76.8,77.2,77.6,78.9,
St Dunstans and Stepney Green,75.2,75.4,75.3,75.4,76.2,76.6,76.9,76.7,77.5,77.9,79.0,78.8,
Woolwich Riverside,75.2,75.4,75.5,75.9,76.3,76.3,76.8,77.1,77.3,77.8,78.1,78.7,
Finsbury Park,75.2,75.4,75.6,76.1,76.1,76.5,76.7,77.1,77.4,77.2,78.1,78.9,
Woolwich Common,74.4,74.5,75.0,75.0,75.4,76.0,76.2,77.9,78.2,78.6,79.2,79.4,
Lea Bridge,75.1,75.8,76.3,76.0,76.0,76.4,76.2,76.1,76.9,77.9,78.2,78.2,
Selhurst,75.6,75.5,75.4,75.7,75.4,76.5,77.5,77.7,77.7,77.7,77.1,76.9,
Bethnal Green North,73.8,74.3,75.4,75.8,75.8,76.5,76.4,76.9,77.4,78.0,78.4,79.1,
Upper Edmonton,75.9,75.6,75.4,75.7,76.1,76.3,76.6,76.7,77.2,77.1,77.4,77.7,
Limehouse,74.8,75.0,75.2,75.4,76.1,76.6,76.8,76.8,77.3,77.2,77.5,78.3,
Feltham North,75.8,75.4,74.7,75.6,75.8,76.1,76.7,77.4,77.0,77.3,77.2,77.2,
Thamesmead Moorings,76.6,76.0,75.3,75.3,75.9,76.0,76.1,76.4,77.1,76.9,77.1,77.2,
Kentish Town,73.8,73.9,75.0,75.3,75.9,76.1,76.2,76.2,77.2,77.8,78.6,79.4,
Wick,75.2,74.7,75.8,75.0,75.5,75.4,76.3,76.3,77.1,77.1,77.9,78.9,
Lewisham Central,74.9,74.6,74.5,75.3,75.4,75.6,75.8,76.7,77.4,77.6,78.1,78.6,
Knights Hill,75.2,75.1,75.6,74.8,75.0,74.4,75.1,75.9,76.5,77.8,78.6,78.9,
Camberwell Green,74.9,74.9,76.0,74.9,75.4,75.2,76.1,75.4,75.9,76.8,77.6,77.9,
Nunhead,73.3,73.5,74.0,75.9,75.9,76.0,76.5,76.2,76.6,77.2,77.6,77.5,
River,74.9,74.9,75.3,75.1,75.3,75.7,75.7,75.6,75.9,75.9,76.6,77.1,
Glyndon,74.4,73.9,73.7,74.5,74.7,74.9,75.5,75.9,76.3,76.9,77.1,77.3,
Custom House,74.3,74.9,74.7,74.2,74.3,74.3,74.6,75.5,76.2,76.6,76.8,77.1,
New Cross,72.8,73.2,73.4,73.8,74.2,75.0,75.4,75.9,76.2,76.0,76.0,76.6,
,,,,,,,,,,,,,
